City_ID,City,Lat,Lng,Max Temp,Humidity,Cloudiness,Wind Speed,Country,Date
0,lebu,-37.6167,-73.65,13.83,83,20,6.8,CL,1742168054
1,ust-nera,64.5667,143.2,-27.12,91,57,1.29,RU,1742168055
2,ribeira grande,38.5167,-28.7,15.22,72,40,7.72,PT,1742168058
3,ushuaia,-54.8,-68.3,12.81,58,75,2.57,AR,1742168031
4,longyearbyen,78.2186,15.6401,-19.09,65,40,2.57,SJ,1742168060
5,port sudan,19.6175,37.2164,24.04,72,0,4.73,SD,1742168061
6,kodiak,57.79,-152.4072,0.73,40,0,7.72,US,1742168062
7,albany,42.6001,-73.9662,18.36,75,100,3.13,US,1742168037
8,yellowknife,62.456,-114.3525,-14.69,39,20,0.0,CA,1742168065
9,labytnangi,66.6572,66.4183,-6.59,93,99,5.36,RU,1742168066
10,puerto ayora,-0.7393,-90.3518,28.64,91,64,3.13,EC,1742168067
11,cardigan,52.0847,-4.6591,6.61,81,100,3.73,GB,1742168069
12,uturoa,-16.7333,-151.4333,28.48,75,20,7.46,PF,1742168070
13,markovo,57.3206,107.0881,-11.47,99,86,1.97,RU,1742168072
14,naze,28.3667,129.4833,10.51,66,100,7.71,JP,1742168073
15,wailua homesteads,22.0669,-159.378,25.63,79,0,4.12,US,1742167983
16,bowling green,36.9903,-86.4436,7.96,66,100,3.09,US,1742168010
17,yeniseysk,58.4497,92.1703,-12.4,97,90,1.99,RU,1742168076
18,stanley,54.868,-1.6985,5.01,79,100,4.12,GB,1742168077
19,port elizabeth,-33.918,25.5701,19.16,94,0,7.2,ZA,1742168079
20,nykvarn,59.8,18.3,-4.01,71,6,3.24,SE,1742168080
21,port alfred,-33.5906,26.891,19.54,91,96,8.23,ZA,1742168081
22,mossel bay,-34.1831,22.146,18.83,87,90,2.57,ZA,1742168083
23,cheremukhovo,60.3484,59.9851,-7.56,96,77,0.49,RU,1742168084
24,port-aux-francais,-49.35,70.2167,6.09,73,20,9.08,TF,1742168085
25,waitangi,-43.9535,-176.5597,16.08,93,27,12.04,NZ,1742168087
26,edinburgh of the seven seas,-37.0676,-12.3116,19.73,97,100,10.32,SH,1742168088
27,adamstown,-25.066,-130.1015,25.4,74,31,5.59,PN,1742168089
28,fale old settlement,-9.3852,-171.2468,28.62,76,100,6.21,TK,1742168090
29,olonkinbyen,70.9221,-8.7187,-1.22,97,100,11.11,SJ,1742168092
30,bethel,41.3712,-73.414,16.32,85,100,2.68,US,1742168093
31,saida,34.8303,0.1517,8.54,75,41,1.7,DZ,1742168094
32,emerald,-23.5333,148.1667,26.66,60,100,3.99,AU,1742168095
33,papatowai,-46.5619,169.4708,20.58,62,100,3.89,NZ,1742168096
34,harlan,41.653,-95.3255,6.8,35,18,2.85,US,1742167890
35,geraldton,-28.7667,114.6,24.23,50,0,12.35,AU,1742168099
36,hami,42.8,93.45,3.39,16,100,1.64,CN,1742168100
37,tiksi,71.6872,128.8694,-14.32,92,100,5.72,RU,1742168101
38,castillos,-34.1667,-53.8333,17.71,76,29,2.98,UY,1742168102
39,kalix,65.853,23.1565,-6.76,80,74,4.45,SE,1742168104
40,portland,45.5234,-122.6762,10.03,80,75,2.57,US,1742167817
41,hawaiian paradise park,19.5933,-154.9731,22.72,93,47,1.34,US,1742168107
42,gebeit,21.0667,36.3167,19.72,50,0,2.94,SD,1742168109
43,kristinestad,62.2743,21.376,-2.96,76,2,3.58,FI,1742168110
44,wichita falls,33.9137,-98.4934,20.08,23,0,1.54,US,1742168111
45,praia da vitoria,38.7333,-27.0667,14.14,72,20,11.26,PT,1742168112
46,college,64.8569,-147.8028,-9.19,50,100,0.0,US,1742168113
47,codrington,-38.2667,141.9667,15.76,49,55,6.04,AU,1742168114
48,fort st. john,56.2499,-120.8529,-7.06,68,100,2.06,CA,1742168104
49,vilyuysk,63.7553,121.6247,-7.74,96,97,1.59,RU,1742168117
50,belvedere,33.531,-81.9448,24.33,62,0,6.69,US,1742168118
51,auki,-8.7676,160.7034,29.33,68,100,1.21,SB,1742168119
52,amos,48.5669,-78.1162,-3.33,97,100,7.36,CA,1742168120
53,madimba,-10.4,40.3333,24.13,91,76,2.84,TZ,1742168121
54,gadzhiyevo,69.2551,33.3362,-5.01,77,100,9.36,RU,1742168122
55,klyuchi,52.2667,79.1667,-1.99,84,100,5.18,RU,1742168125
56,lospalos,-8.5186,127.0025,23.86,93,100,1.62,TL,1742168126
57,kuala belait,4.5833,114.1833,25.3,89,96,2.05,BN,1742168127
58,kitimat,54.0524,-128.6534,4.95,74,100,1.73,CA,1742168129
59,smithers,54.7804,-127.1743,3.18,56,75,3.6,CA,1742168130
60,mejit,10.2753,170.8646,26.76,82,83,10.08,MH,1742168131
61,west island,-12.1568,96.8225,27.99,89,20,5.66,CC,1742168133
62,puerto natales,-51.7236,-72.4875,9.85,90,100,0.88,CL,1742168116
63,khandyga,62.6667,135.6,-22.07,95,90,0.7,RU,1742168135
64,irymple,-34.25,142.1667,15.61,55,0,4.02,AU,1742168137
65,bredasdorp,-34.5322,20.0403,18.11,87,100,1.4,ZA,1742168138
66,howard springs,-12.497,131.047,27.95,100,99,1.62,AU,1742168139
67,isfana,39.8386,69.5306,7.72,35,8,2.5,KG,1742168140
68,port mathurin,-19.6833,63.4167,27.78,77,60,3.18,MU,1742168141
69,oranjemund,-28.55,16.4333,15.94,97,3,3.97,NA,1742168142
70,hamilton,39.1834,-84.5333,4.49,85,100,8.75,US,1742168059
71,afaahiti,-17.75,-149.2833,26.96,77,62,8.74,PF,1742168145
72,semera,11.501,41.201,24.04,57,97,5.14,ET,1742168146
73,yuzhno-kurilsk,44.0306,145.8556,-2.4,94,100,12.17,RU,1742168147
74,isafjordur,66.0755,-23.124,3.46,89,98,6.29,IS,1742168148
75,kosekoy,40.7534,30.0302,18.29,48,0,2.57,TR,1742168150
76,chernyshevsk,52.5243,117.0174,-15.49,90,90,0.74,RU,1742168045
77,marang,5.2056,103.2059,24.96,86,77,1.51,MY,1742168152
78,tercan,39.7794,40.3925,-6.8,87,87,2.03,TR,1742168153
79,susuman,62.7833,148.1667,-25.2,94,99,1.01,RU,1742168154
80,la'ie,21.6477,-157.9253,28.66,71,61,5.07,US,1742168155
81,chernomorskoye,45.5039,32.6997,7.25,88,71,4.35,UA,1742168157
82,richards bay,-28.783,32.0377,20.14,74,100,2.97,ZA,1742168158
83,atafu village,-8.5421,-172.5159,28.61,75,98,6.05,TK,1742168159
84,aydarken,39.9443,71.3429,-0.16,37,46,4.06,KG,1742168160
85,kattivakkam,13.2167,80.3167,27.05,86,6,2.3,IN,1742168161
86,fada,7.25,4.0667,25.16,94,98,1.97,NG,1742168165
87,mankapur,27.0333,82.2333,20.35,38,6,3.04,IN,1742168166
88,elizabethton,36.3487,-82.2107,18.02,34,20,6.17,US,1742168167
89,zaraza,9.3503,-65.3245,27.29,68,96,4.21,VE,1742168165
90,shimokizukuri,40.8061,140.3861,1.96,87,100,7.09,JP,1742168169
91,jiwani,25.05,61.7417,22.8,62,48,2.91,PK,1742168171
92,sitka,57.0531,-135.33,3.94,41,0,6.69,US,1742168172
93,saipan,15.1355,145.701,29.39,80,20,5.66,MP,1742168173
94,ploermel,47.9317,-2.3978,3.48,87,91,4.1,FR,1742168168
95,chaoyang,41.5703,120.4586,-0.55,32,100,0.86,CN,1742168175
96,blackmans bay,-43.0167,147.3167,13.62,61,28,0.89,AU,1742168176
97,utrik,11.2278,169.8474,26.71,80,30,10.23,MH,1742168177
98,iqaluit,63.7506,-68.5145,-12.15,78,100,8.75,CA,1742168179
99,taltal,-25.4,-70.4833,20.96,76,17,2.05,CL,1742168180
100,kigoma,-4.8769,29.6267,21.63,87,100,3.89,TZ,1742168181
101,namibe,-15.1961,12.1522,23.45,85,100,1.67,AO,1742168182
102,nizhnesortymskiy,62.4397,71.7603,-13.48,94,10,3.6,RU,1742168183
103,tual,-5.6667,132.75,28.19,79,98,4.71,ID,1742168184
104,junin de los andes,-39.9504,-71.0694,15.4,42,42,3.81,AR,1742168186
105,vilyuchinsk,52.9306,158.4028,-3.85,60,33,4.59,RU,1742168187
106,nar'yan-mar,67.6713,53.087,-11.13,90,77,5.57,RU,1742168188
107,kavaratti,10.5669,72.642,28.5,72,95,3.95,IN,1742168189
108,vlasim,49.7063,14.8988,0.95,68,22,1.74,CZ,1742168191
109,qaqortoq,60.7167,-46.0333,-8.92,94,45,1.77,GL,1742168192
110,el calafate,-50.3408,-72.2768,13.09,72,96,1.58,AR,1742168008
111,kargopol',61.5071,38.9456,-17.75,99,73,1.76,RU,1742168194
112,krasnyy kholm,58.0607,37.1203,-7.5,92,96,4.07,RU,1742168195
113,grytviken,-54.2811,-36.5092,2.69,83,28,5.53,GS,1742168206
114,fort bragg,35.139,-79.006,20.91,91,100,5.14,US,1742168207
115,margaret river,-33.95,115.0667,16.08,67,0,4.37,AU,1742168209
116,ascension,30.2169,-90.9001,21.0,18,0,7.2,US,1742168210
117,tazacorte,28.629,-17.9293,18.54,95,40,2.06,ES,1742168211
118,ibiruba,-28.6275,-53.0897,18.54,60,0,2.79,BR,1742168212
119,ceeldheer,3.8488,47.1806,26.39,86,30,5.51,SO,1742168213
120,greymouth,-42.4667,171.2,17.72,94,100,2.67,NZ,1742168214
121,city of balikpapan,-1.242,116.8942,23.97,100,75,3.6,ID,1742168216
122,balikpapan,-1.2675,116.8289,23.55,100,75,3.6,ID,1742168217
123,hilo,19.7297,-155.09,22.84,96,32,1.79,US,1742168039
124,tuy hoa,13.0833,109.3,22.74,90,100,2.01,VN,1742168219
125,thompson,55.7435,-97.8558,-13.91,56,20,5.66,CA,1742168220
126,fisterra,42.9049,-9.2629,10.05,62,20,7.82,ES,1742168221
127,vorkuta,67.5,64.0,-5.09,93,100,7.74,RU,1742168223
128,kokkola,63.8385,23.1307,-4.91,79,0,2.06,FI,1742168224
129,meizhou,24.2977,116.1072,12.0,67,75,1.87,CN,1742168041
130,eyl,7.9803,49.8164,25.37,87,64,5.11,SO,1742168226
131,ilovlya,49.3033,43.9796,9.03,85,100,2.01,RU,1742168228
132,bilibino,68.0546,166.4372,-20.8,81,36,0.58,RU,1742168229
133,ingersoll,43.0334,-80.883,5.12,94,95,6.52,CA,1742168231
134,iquitos,-3.7481,-73.2472,26.02,78,20,1.54,PE,1742168232
135,chibougamau,49.9168,-74.3659,6.79,100,100,6.17,CA,1742168233
136,jwaneng,-24.6004,24.7303,19.31,55,64,5.63,BW,1742168234
137,ta`u,-14.2336,-169.5144,28.66,72,33,5.74,AS,1742168237
138,port blair,11.6667,92.75,25.02,94,20,1.03,IN,1742168238
139,remire-montjoly,4.9167,-52.2667,26.02,89,0,2.57,GF,1742168239
140,east london,-33.0153,27.9116,21.44,83,63,5.18,ZA,1742168241
141,wakkanai,45.4094,141.6739,-3.01,86,100,9.26,JP,1742168242
142,klaksvik,62.2266,-6.589,6.9,78,99,3.91,FO,1742168245
143,al kharijah,25.4514,30.5464,23.79,28,0,3.59,EG,1742168246
144,sao paulo de olivenca,-3.3783,-68.8725,23.76,97,100,0.89,BR,1742168247
145,eydhafushi,5.1033,73.0708,27.65,74,8,2.03,MV,1742168248
146,tenenkou,14.4572,-4.9169,34.79,19,80,2.45,ML,1742168249
147,buka,40.8108,69.1986,11.78,35,11,1.3,UZ,1742168250
148,hermanus,-34.4187,19.2345,17.11,92,93,4.59,ZA,1742168252
149,owen sound,44.5672,-80.9435,-0.02,92,100,3.13,CA,1742168126
150,badger,64.8,-147.5333,-9.24,57,100,2.06,US,1742168254
151,inarajan village,13.2736,144.7484,28.77,83,69,5.93,GU,1742168255
152,pueblo nuevo,23.3833,-105.3833,19.24,17,84,3.03,MX,1742168256
153,lihue,21.9789,-159.3672,25.97,78,0,4.12,US,1742168257
154,nuuk,64.1835,-51.7216,-5.66,73,100,4.63,GL,1742168096
155,nagqu,31.5,92.0,-5.74,39,53,4.97,CN,1742168260
156,palikir - national government center,6.9248,158.1611,27.74,83,100,6.17,FM,1742168261
157,invercargill,-46.4,168.35,23.44,52,100,6.92,NZ,1742168263
158,ban sam chuk,14.7333,100.1,27.39,75,66,3.04,TH,1742168264
159,shubarshi,48.5872,57.1869,6.27,80,86,5.2,KZ,1742168266
160,brookings,44.3114,-96.7984,7.0,44,0,8.75,US,1742168003
161,tshela,-4.9833,12.9333,23.0,99,100,0.44,CD,1742168268
162,sierra grande,-41.606,-65.3557,20.11,63,70,5.16,AR,1742168270
163,alesund,62.4723,6.1549,2.08,80,100,4.12,NO,1742168271
164,axim,4.8699,-2.2405,27.07,87,36,4.06,GH,1742168272
165,kaa-khem,51.6833,94.7333,-16.95,88,3,1.47,RU,1742168273
166,enewetak,11.3474,162.3373,26.83,81,96,9.74,MH,1742168274
167,lichinga,-13.3128,35.2406,17.05,82,0,2.57,MZ,1742168276
168,san clemente del tuyu,-36.3569,-56.7235,19.56,74,90,5.27,AR,1742168277
169,punta cardon,11.6581,-70.215,26.87,77,61,9.62,VE,1742168278
170,tolanaro,-25.0319,46.9987,23.04,88,75,4.12,MG,1742168279
171,oranjestad,12.524,-70.027,27.17,83,40,8.75,AW,1742168280
172,bel ombre,-4.6167,55.4167,26.91,78,20,2.57,SC,1742168281
173,kushiro,42.975,144.3747,-2.47,93,75,9.77,JP,1742168283
174,mawu,34.4307,104.9176,-3.1,41,88,2.24,CN,1742168284
175,mount pearl,47.5166,-52.7813,-0.38,94,100,4.63,CA,1742168285
176,ilulissat,69.2167,-51.1,-9.99,73,100,7.2,GL,1742168286
177,acarau,-2.8856,-40.12,25.31,88,47,2.59,BR,1742168287
178,kingston,17.997,-76.7936,27.53,74,40,4.63,JM,1742168288
179,san antonio de pale,-1.4014,5.6325,28.17,77,100,4.93,GQ,1742168289
180,whitehorse,60.7161,-135.0538,-7.72,44,75,1.03,CA,1742168291
181,st. john's,47.5649,-52.7093,0.08,94,100,4.63,CA,1742168292
182,ribeirao preto,-21.1775,-47.8103,24.0,83,100,1.03,BR,1742168267
183,monrovia,6.3005,-10.7969,25.41,91,100,2.09,LR,1742168101
184,muroto-misakicho,33.2833,134.15,5.89,54,5,10.72,JP,1742168295
185,papao,-17.75,-149.55,29.82,78,38,9.87,PF,1742168296
186,igarka,67.4667,86.5833,-17.2,98,34,4.82,RU,1742168298
187,hasaki,35.7333,140.8333,11.24,68,32,4.12,JP,1742168299
188,petropavlovsk-kamchatsky,53.0452,158.6483,-4.67,28,0,2.0,RU,1742168300
189,key west,24.5557,-81.7826,28.0,81,40,3.09,US,1742168302
190,tazovsky,67.4667,78.7,-11.02,87,37,7.52,RU,1742168303
191,tapa,59.2606,25.9586,-4.51,75,71,2.9,EE,1742168305
192,yanykurgan,43.915,67.2481,11.86,43,99,3.09,KZ,1742168306
193,pirallahi,40.4723,50.333,14.08,77,7,6.52,AZ,1742168307
194,harlingen,26.1906,-97.6961,27.05,31,0,8.23,US,1742168308
195,lohardaga,23.4333,84.6833,23.01,38,0,2.08,IN,1742168309
196,toropets,56.4978,31.6353,-3.92,62,100,4.65,RU,1742168310
197,laguna,38.421,-121.4238,17.84,62,100,8.23,US,1742168312
198,patnanungan,14.7833,122.1833,25.26,84,99,7.93,PH,1742168313
199,kozhevnikovo,56.2589,83.9714,-3.78,89,100,4.68,RU,1742168314
200,souillac,-20.5167,57.5167,26.21,89,20,0.0,MU,1742168315
201,jamestown,42.097,-79.2353,8.56,92,100,6.69,US,1742168316
202,prattville,32.464,-86.4597,18.66,30,0,7.72,US,1742168317
203,aasiaat,68.7098,-52.8699,-13.01,97,63,3.33,GL,1742168318
204,coffeyville,37.0373,-95.6164,16.16,17,0,5.14,US,1742168320
205,yemetsk,63.4721,41.7941,-15.22,98,89,2.19,RU,1742168321
206,selkirk,50.1436,-96.8845,-5.46,73,99,0.77,CA,1742168322
207,tierra blanca,14.5833,-88.5833,24.68,40,93,1.47,HN,1742168323
208,tan-tan,28.438,-11.1032,15.7,71,0,1.52,MA,1742168324
209,ust'-ilimsk,58.0006,102.6619,-11.98,96,57,2.37,RU,1742168325
210,belogorsk,50.9158,128.4611,-15.0,100,93,2.2,RU,1742168327
211,mirnyy,62.5353,113.9611,-1.66,95,100,4.7,RU,1742168328
212,pisco,-13.7,-76.2167,23.03,68,0,9.77,PE,1742168048
213,altay,47.8667,88.1167,-9.2,48,2,4.21,CN,1742168330
214,freetown,8.484,-13.2299,23.86,77,27,0.5,SL,1742168331
215,sisimiut,66.9395,-53.6735,-14.07,85,47,3.73,GL,1742168332
216,suomussalmi,64.8869,28.9078,-11.59,95,63,3.56,FI,1742168334
217,porto novo,6.4965,2.6036,28.06,83,75,4.11,BJ,1742168335
218,pailon,-17.65,-62.75,26.15,73,84,1.01,BO,1742168336
219,saposoa,-6.934,-76.7716,22.27,99,100,0.48,PE,1742168337
220,paita,-5.0892,-81.1144,24.62,76,67,7.4,PE,1742168338
221,kalmunai,7.4167,81.8167,25.6,85,49,1.63,LK,1742168339
222,ketchikan,55.3422,-131.6461,4.43,60,40,3.6,US,1742168124
223,mhamid,29.82,-5.72,18.47,21,12,2.49,MA,1742168342
224,northam,51.0333,-4.2167,4.7,83,37,4.08,GB,1742168343
225,slave lake,55.2834,-114.769,-7.01,68,100,6.17,CA,1742168344
226,komusan il-tong,42.1092,129.7,-3.84,44,67,3.94,KP,1742168345
227,kapa'a,22.0752,-159.319,26.38,78,0,4.12,US,1742168346
228,udachny,66.4167,112.4,-5.33,90,68,4.06,RU,1742168348
229,haiku-pauwela,20.9219,-156.3051,26.01,75,40,12.96,US,1742168349
230,enkhuizen,52.7,5.2833,5.56,76,20,3.58,NL,1742168350
231,dadukou,26.5479,101.7054,10.6,78,29,0.84,CN,1742168351
232,taihecun,45.8,130.85,-6.01,54,77,2.41,CN,1742168352
233,qusmuryn,52.4503,64.6311,1.79,98,100,9.01,KZ,1742168353
234,melekeok village,7.4957,134.6367,27.31,83,75,0.0,PW,1742168355
235,la passe,45.5549,-0.8967,4.12,85,99,2.6,FR,1742168356
236,talnakh,69.4865,88.3972,-18.27,98,54,4.34,RU,1742168357
237,nikolayevsk-on-amure,53.1406,140.73,-9.04,90,75,0.85,RU,1742168358
238,goalpara,26.1667,90.6167,18.88,77,9,2.0,IN,1742168360
239,tanjung selor,2.8372,117.3642,23.39,98,100,0.41,ID,1742168361
240,san andres,12.5847,-81.7006,29.01,65,20,3.09,CO,1742168121
241,vitorino freire,-4.0667,-45.1667,24.07,94,97,1.76,BR,1742168364
242,noshiro,40.2039,140.0242,1.46,83,100,10.59,JP,1742168365
243,guerrero negro,27.9769,-114.0611,19.56,42,46,6.56,MX,1742168366
244,happy valley-goose bay,53.3168,-60.3315,-7.83,86,100,2.57,CA,1742168367
245,ceerigaabo,10.6162,47.368,13.54,79,31,2.61,SO,1742168368
246,georgetown,5.4112,100.3354,26.96,78,20,1.54,MY,1742168264
247,surab,28.4914,66.2585,9.09,31,0,2.39,PK,1742168371
248,martapura,-3.4167,114.85,24.05,100,40,2.06,ID,1742168372
249,vryburg,-26.9566,24.7284,16.78,86,1,3.54,ZA,1742168373
250,severo-yeniseyskiy,60.3725,93.0408,-4.97,82,95,4.71,RU,1742168374
251,dudinka,69.4058,86.1778,-14.03,90,26,7.17,RU,1742168375
252,gedo,9.0167,37.45,16.17,53,93,0.98,ET,1742168377
253,beau vallon,-20.4189,57.6953,26.13,89,20,0.0,MU,1742168378
254,terre haute,39.4667,-87.4139,2.15,81,100,4.63,US,1742168379
255,flying fish cove,-10.4217,105.6791,22.82,100,100,2.06,CX,1742168381
256,ebon,4.582,168.6964,27.34,83,98,9.44,MH,1742168382
257,manokwari,-0.8667,134.0833,26.29,79,100,2.4,ID,1742168384
258,keflavik,64.0049,-22.5624,7.24,100,100,8.75,IS,1742168385
259,karratha,-20.7377,116.8463,34.09,39,98,9.31,AU,1742168386
260,avarua,-21.2078,-159.775,30.03,79,40,5.14,CK,1742168387
261,iskateley,67.6803,53.1512,-10.83,90,77,5.73,RU,1742168388
262,banda aceh,5.5577,95.3222,25.27,84,67,3.78,ID,1742168391
263,tadine,-21.55,167.8833,26.03,82,100,3.65,NC,1742168392
264,sur,22.5667,59.5289,23.08,40,3,3.93,OM,1742168393
265,port lincoln,-34.7333,135.8667,17.59,52,11,7.9,AU,1742168394
266,sanming,26.2486,117.6186,9.29,79,68,1.16,CN,1742168395
267,walvis bay,-22.9575,14.5053,16.53,88,3,5.66,NA,1742168396
268,makeni,8.8833,-12.05,25.56,61,89,1.35,SL,1742168397
269,haugesund,59.4138,5.268,-1.86,80,13,1.03,NO,1742168399
270,petawawa,45.9001,-77.3328,7.02,84,99,5.89,CA,1742168400
271,virginia,37.5481,-77.4467,19.67,87,100,6.17,US,1742168401
272,vorgashor,67.5833,63.95,-5.11,94,100,7.86,RU,1742168402
273,presidente medici,-11.1753,-61.9014,24.85,92,65,0.44,BR,1742168403
274,rongelap,11.1635,166.8941,26.77,82,19,9.99,MH,1742168404
275,ornskoldsvik,63.2909,18.7153,-3.47,63,11,6.17,SE,1742168406
276,riachao das neves,-11.7461,-44.91,27.02,52,59,1.78,BR,1742168407
277,imbituba,-28.24,-48.6703,20.46,89,10,1.57,BR,1742168408
278,fortuna,40.5982,-124.1573,10.51,87,20,4.63,US,1742168409
279,tosontsengel,48.7567,98.2839,-24.82,99,47,0.21,MN,1742168410
280,coquitlam,49.283,-122.7526,8.91,70,100,3.6,CA,1742168102
281,dharamsala,32.2419,76.3213,5.16,65,34,4.96,IN,1742168414
282,nyzhni sirohozy,46.8484,34.3804,8.21,76,83,5.3,UA,1742168415
283,cidreira,-30.1811,-50.2056,23.2,76,17,6.35,BR,1742168416
284,thunder bay,48.4001,-89.3168,-0.01,32,20,5.66,CA,1742168175
285,ribeira brava,32.65,-17.0667,17.62,71,58,9.15,PT,1742168419
286,chonchi,-42.6128,-73.8092,14.51,88,99,0.98,CL,1742168420
287,vadso,70.0744,29.7487,-7.91,79,20,6.17,NO,1742168421
288,zemio,5.0314,25.1361,24.83,61,96,1.95,CF,1742168422
289,upington,-28.4478,21.2561,20.21,77,20,2.06,ZA,1742168423
290,al jawf,29.5,38.75,18.91,32,0,2.84,SA,1742168424
291,alofi,-19.0595,-169.9187,29.94,74,40,6.17,NU,1742168427
292,kismayo,-0.3582,42.5454,26.13,81,80,4.22,SO,1742168428
293,kapuskasing,49.4169,-82.4331,-9.95,85,75,5.66,CA,1742168278
294,uttarkashi,30.7333,78.45,4.68,55,19,3.28,IN,1742168432
295,akrehamn,59.2667,5.1833,-1.86,80,18,1.03,NO,1742168433
296,hola,51.5377,23.1902,0.51,78,82,3.25,PL,1742168434
297,ginir,7.1333,40.7,17.49,55,50,1.56,ET,1742168435
298,selfoss,63.9331,-20.9971,5.96,88,100,3.26,IS,1742168436
299,huarmey,-10.0681,-78.1522,23.0,79,98,5.17,PE,1742168437
300,port douglas,-16.4833,145.4667,24.89,97,100,2.86,AU,1742168439
301,pradopolis,-21.3594,-48.0656,21.32,97,40,2.56,BR,1742168440
302,hotan,37.0997,79.9269,3.25,27,0,0.8,CN,1742168441
303,san luis de la loma,17.2706,-100.8939,26.75,62,82,2.25,MX,1742168436
304,launceston,-41.45,147.1667,12.8,54,6,3.09,AU,1742168443
305,villa luvianos,18.9167,-100.4,28.91,17,100,2.13,MX,1742168444
306,porbandar,21.6422,69.6093,22.6,54,0,4.84,IN,1742168446
307,callaway,30.153,-85.5699,19.55,74,0,5.36,US,1742168447
308,tomatlan,19.9333,-105.25,25.72,61,2,2.99,MX,1742168448
309,ar ruways,24.1103,52.7306,21.57,67,100,1.64,AE,1742168450
310,kokshetau,53.2775,69.3883,1.66,88,84,8.01,KZ,1742168451
311,monforte de lemos,42.5216,-7.5142,2.51,83,38,0.83,ES,1742168452
312,alo,6.5486,4.2686,27.88,83,43,4.58,NG,1742168453
313,ulsteinvik,62.3432,5.8487,2.07,90,70,4.24,NO,1742168455
314,toyooka,35.5333,134.8333,4.19,93,100,7.11,JP,1742168456
315,muisne,0.6,-80.0333,26.52,81,91,1.96,EC,1742168457
316,san patricio,28.017,-97.5169,25.97,23,0,0.48,US,1742168458
317,tsiombe,-25.3,45.4833,21.24,81,75,6.31,MG,1742168430
318,kolosovka,56.4678,73.611,0.72,99,100,5.12,RU,1742168460
319,olinda,-8.0089,-34.8553,28.85,79,40,3.09,BR,1742168461
320,riohacha,11.5444,-72.9072,28.06,73,0,5.66,CO,1742168463
321,leua,48.2156,18.6071,3.74,80,68,2.03,SK,1742168464
322,punta arenas,-53.15,-70.9167,13.06,71,75,1.03,CL,1742168420
323,roxas,11.5853,122.7511,26.54,84,99,5.81,PH,1742168466
324,lewiston orchards,46.3804,-116.9754,9.17,52,100,9.26,US,1742168467
325,kourou,5.1552,-52.6478,25.87,84,100,3.83,GF,1742168468
326,queenstown,-31.8976,26.8753,14.48,91,27,1.12,ZA,1742168417
327,nemuro,43.3236,145.575,-1.9,96,100,17.82,JP,1742168471
328,rio gallegos,-51.6226,-69.2181,15.03,63,20,8.75,AR,1742168202
329,san ignacio,17.1561,-89.0714,33.08,55,20,6.17,BZ,1742168473
330,ghat,24.9647,10.1728,25.97,32,34,1.95,LY,1742168474
331,vila velha,-20.3297,-40.2925,26.97,83,75,2.57,BR,1742168427
332,alindao,5.0267,21.2088,23.94,76,92,2.64,CF,1742168477
333,anadyr,64.75,177.4833,-26.67,75,0,4.0,RU,1742168478
334,val-d'or,48.1002,-77.7828,7.05,100,100,5.66,CA,1742168480
335,bansang,13.4333,-14.65,28.18,41,17,4.93,GM,1742168482
336,zavodskoy,43.4597,132.2922,-5.23,63,83,4.0,RU,1742168483
337,veinticinco de mayo,-35.4323,-60.1727,18.88,88,71,0.89,AR,1742168484
338,ashburton,-37.8626,145.0794,17.01,63,38,1.79,AU,1742168485
339,ancud,-41.8697,-73.8203,12.81,91,99,2.6,CL,1742168486
340,balkashino,52.5167,68.7667,-0.91,94,97,5.09,KZ,1742168487
341,crane,31.3974,-102.3501,20.14,11,0,2.28,US,1742168459
342,mount gambier,-37.8333,140.7667,16.19,46,71,3.54,AU,1742168490
343,ha'il,27.5219,41.6907,12.01,76,0,0.0,SA,1742168491
344,dzhalagash,45.0833,64.6667,10.29,46,56,3.02,KZ,1742168492
345,kimbe,-5.5502,150.1429,30.24,66,89,1.24,PG,1742168493
346,lhasa,29.65,91.1,0.74,32,17,2.13,CN,1742168495
347,busayra,30.7376,35.6078,18.25,28,0,3.17,JO,1742168496
348,ludwin,51.3461,22.9058,2.86,75,75,3.09,PL,1742168497
349,katabu,-4.9333,122.5167,25.93,92,100,2.52,ID,1742168498
350,minas de marcona,-15.2119,-75.1103,17.41,78,62,7.2,PE,1742168499
351,madingou,-4.1536,13.55,23.79,95,100,1.35,CG,1742168500
352,tofol,5.3248,163.0078,25.88,94,100,6.69,FM,1742168420
353,moires,35.0532,24.8744,19.56,47,100,1.42,GR,1742168503
354,bei'an,46.4398,126.2373,-6.7,59,85,3.3,CN,1742168504
355,lazaro cardenas,17.9583,-102.2,26.21,57,53,3.01,MX,1742168505
356,turaif,31.6725,38.6637,15.14,36,0,2.06,SA,1742168506
357,cabo san lucas,22.8909,-109.9124,27.17,27,20,4.12,MX,1742168255
358,aykhal,66.0,111.5,-6.02,93,82,3.87,RU,1742168508
359,faaa,-17.55,-149.6,29.98,70,75,2.06,PF,1742168510
360,verkhniye kigi,55.4083,58.6044,1.56,100,100,1.78,RU,1742168512
361,revda,56.801,59.9303,-0.1,99,100,0.62,RU,1742168514
362,sipalay,9.75,122.5,27.65,74,100,3.37,PH,1742168515
363,manakara,-22.1333,48.0167,23.06,89,88,4.48,MG,1742168517
364,port saint john's,-31.6229,29.5448,20.92,84,83,5.59,ZA,1742168518
365,perelyub,51.8667,50.3667,4.52,93,100,3.27,RU,1742168519
366,copiapo,-27.3667,-70.3333,20.1,61,0,1.44,CL,1742168230
367,atherton,53.5237,-2.4935,6.38,78,8,2.74,GB,1742168523
368,conde,-7.2597,-34.9075,23.7,100,75,0.0,BR,1742168525
369,juneau,58.3019,-134.4197,1.0,32,40,4.63,US,1742168440
370,shalya,57.2471,58.7298,-1.35,99,100,0.71,RU,1742168527
371,moroni,-11.7022,43.2551,27.33,80,91,5.83,KM,1742168416
372,mao,39.8885,4.2658,13.31,88,20,3.6,ES,1742168529
373,oakham,52.6667,-0.7333,5.1,85,100,5.14,GB,1742168530
374,carutapera,-1.195,-46.02,24.52,94,93,3.19,BR,1742168431
375,hammerfest,70.6634,23.6821,-4.75,93,100,1.54,NO,1742168534
376,chinde,26.8212,87.7095,20.15,41,0,2.84,NP,1742168535
377,thasra,22.8,73.2167,21.39,22,0,4.15,IN,1742168536
378,ivins,37.1686,-113.6794,17.31,29,93,0.89,US,1742168537
379,elko,41.0002,-115.5012,14.01,26,84,10.28,US,1742168538
380,kruisfontein,-34.0033,24.7314,18.06,88,99,2.53,ZA,1742168540
381,atar,20.5169,-13.0499,25.97,19,3,4.56,MR,1742168541
382,gouyave,12.1646,-61.7296,26.43,83,20,3.6,GD,1742168542
383,berezovyy,51.6667,135.7,-8.43,86,98,1.08,RU,1742168543
384,el porvenir,13.7617,-87.3458,28.02,40,19,1.92,HN,1742168544
385,bondo,3.8146,23.6866,23.17,76,99,0.76,CD,1742168546
386,island harbour,50.724,-1.2758,5.56,78,35,1.79,GB,1742168547
387,singaraja,-8.112,115.0882,25.98,87,100,1.65,ID,1742168548
388,okhotsk,59.3833,143.3,-18.54,71,3,4.57,RU,1742168549
389,constantia,44.1833,28.65,5.38,83,96,3.2,RO,1742168550
390,coxen hole,16.3244,-86.5366,30.6,74,0,3.6,HN,1742168541
391,westport,41.1415,-73.3579,15.86,89,100,2.68,US,1742168502
392,ojocaliente,21.8775,-102.6754,27.48,7,83,3.02,MX,1742168554
393,rawson,-43.3002,-65.1023,19.16,59,0,3.09,AR,1742168555
394,saint-philippe,-21.3585,55.7679,25.66,97,75,5.72,RE,1742168556
395,sabang,5.8933,95.3214,28.25,77,30,5.53,ID,1742168557
396,anori,-3.7728,-61.6442,24.44,95,77,1.22,BR,1742168558
397,nouadhibou,20.931,-17.0347,18.99,63,0,8.75,MR,1742168559
398,malindi,-3.2175,40.1191,27.2,84,85,5.1,KE,1742168562
399,kostomuksha,64.571,30.5767,-11.62,94,63,3.7,RU,1742168563
400,puerto armuelles,8.2833,-82.8667,29.49,64,46,3.58,PA,1742168564
401,parobe,-29.6286,-50.8347,21.46,95,13,0.97,BR,1742168565
402,barclayville,4.6797,-8.2339,25.77,90,100,0.83,LR,1742168566
403,beloyarskiy,63.7119,66.6722,-8.47,88,72,3.45,RU,1742168568
404,colac,-38.3333,143.5833,15.89,43,93,3.42,AU,1742168569
405,lobujya,27.95,86.8167,-18.15,52,13,1.42,NP,1742168571
406,el granada,37.5027,-122.4694,15.19,81,100,9.26,US,1742168572
407,hadibu,12.65,54.0333,25.59,85,17,2.8,YE,1742168573
408,santyoku,37.4406,129.1708,1.92,82,100,3.46,KR,1742168574
409,spring creek,40.7266,-115.5859,14.83,32,78,8.49,US,1742168575
410,santana,-0.0583,-51.1817,27.1,83,40,2.57,BR,1742168576
411,salekhard,66.53,66.6019,-6.84,92,97,5.91,RU,1742168578
412,waingapu,-9.6567,120.2641,27.39,79,100,1.89,ID,1742168579
413,dul'durga,50.6761,113.5931,-11.65,88,71,1.42,RU,1742168580
414,al fallujah,33.3538,43.7795,20.37,30,0,1.14,IQ,1742168581
415,kerikeri,-35.2268,173.9474,25.51,71,71,3.26,NZ,1742168431
416,tyukhtet,56.5389,89.3011,-8.93,91,12,2.63,RU,1742168583
417,imperatriz,-5.5264,-47.4917,24.02,94,62,0.66,BR,1742168482
418,carnarvon,-24.8667,113.6333,30.69,52,32,5.24,AU,1742168586
419,semnan,35.5729,53.3971,11.98,23,25,1.05,IR,1742168587
420,ushtobe,45.2514,77.9838,4.39,59,3,2.8,KZ,1742168589
421,bouza,14.4229,6.0428,25.84,12,40,3.14,NE,1742168590
422,palamos,41.8484,3.1291,7.22,64,97,3.58,ES,1742168592
423,malpica,43.3228,-8.8105,6.25,100,2,3.68,ES,1742168593
424,pangoa,-12.1167,-73.0,21.44,92,67,0.86,PE,1742168594
425,jumla,29.2747,82.1838,-0.12,89,65,2.96,NP,1742168596
426,terrace,54.5163,-128.6035,2.95,100,100,1.03,CA,1742168366
427,cooma,-36.2333,149.1333,9.43,52,50,5.68,AU,1742168599
428,santa rosa del sara,-17.1092,-63.5989,25.39,85,91,0.87,BO,1742168600
429,visaginas,55.6,26.4167,-3.37,70,100,4.91,LT,1742168601
430,mariehamn,60.0973,19.9348,-2.08,59,0,3.6,AX,1742168443
431,aral,40.5156,81.2636,4.16,21,8,2.96,CN,1742168603
432,mirriah,13.7073,9.1501,25.28,12,93,3.99,NE,1742168604
433,ibresi,55.2961,47.0394,-3.12,89,19,1.39,RU,1742168606
434,mikun',62.3547,50.0771,-3.65,95,100,3.82,RU,1742168607
435,salinopolis,-0.6136,-47.3561,25.35,89,100,3.97,BR,1742168608
436,xinzhou,38.4092,112.7333,1.83,29,2,4.79,CN,1742168609
437,kavieng,-2.5744,150.7967,29.12,72,83,6.49,PG,1742168610
438,bandrele,-12.9067,45.1914,27.86,83,20,5.14,YT,1742168611
439,lerwick,60.1545,-1.1494,2.96,68,23,1.3,GB,1742168613
440,mantua,45.1667,10.7833,6.67,85,49,0.89,IT,1742168614
441,lata,40.1629,-8.3327,8.17,92,100,2.54,PT,1742168615
442,bodo,67.28,14.405,1.02,81,75,7.2,NO,1742168616
443,areia branca,-4.9561,-37.1369,26.76,80,81,6.93,BR,1742168617
444,yanam,16.7333,82.2167,20.36,97,1,1.0,IN,1742168618
445,suwayr,30.1171,40.3893,17.11,34,0,1.64,SA,1742168620
446,dromore,54.5167,-7.4667,4.45,78,87,1.25,GB,1742168621
447,puerto san jose,13.9256,-90.8244,28.43,69,45,3.25,GT,1742168622
448,novyy rogachik,48.6768,44.0608,10.5,78,100,2.04,RU,1742168623
449,gizo,-8.103,156.8419,28.3,78,96,4.11,SB,1742168624
450,fengcheng,40.4536,124.0717,-1.49,25,86,1.15,CN,1742168625
451,saudarkrokur,65.7461,-19.6394,4.17,82,80,7.33,IS,1742168628
452,brezina,33.0989,1.2608,13.65,37,80,1.93,DZ,1742168629
453,funafuti,-8.5243,179.1942,30.0,79,40,3.09,TV,1742168418
454,holualoa,19.6228,-155.9522,26.02,64,20,4.63,US,1742168631
455,quellon,-43.1167,-73.6167,12.57,85,100,2.72,CL,1742168632
456,as sulayyil,20.4607,45.5779,19.74,28,35,5.14,SA,1742168634
457,kone,-21.0595,164.8658,28.55,74,99,0.39,NC,1742168635
458,khamis mushait,18.3064,42.7292,17.58,36,0,3.09,SA,1742168637
459,weyburn,49.6668,-103.8511,-5.88,79,100,6.17,CA,1742168632
460,novaya igirma,57.1334,103.9112,-14.35,99,83,1.67,RU,1742168639
461,tabou,4.423,-7.3528,26.6,88,99,2.39,CI,1742168642
462,tura,25.5198,90.2201,21.08,64,68,2.43,IN,1742168440
463,ola,59.5833,151.2833,-19.69,66,65,2.21,RU,1742168645
464,bathsheba,13.2167,-59.5167,27.34,83,20,2.06,BB,1742168646
465,yigo village,13.5361,144.8886,29.3,77,40,5.66,GU,1742168647
466,hithadhoo,-0.6,73.0833,28.25,72,3,4.31,MV,1742168649
467,blythe,33.6103,-114.5964,26.25,12,0,6.17,US,1742168650
468,kassala,15.451,36.4,27.88,25,42,3.23,SD,1742168544
469,arraial do cabo,-22.9661,-42.0278,25.57,81,10,1.67,BR,1742168553
470,urangan,-25.3,152.9,24.44,73,99,0.56,AU,1742168653
471,el limon,10.3059,-67.6321,23.04,84,70,3.2,VE,1742168654
472,coquimbo,-29.9533,-71.3436,17.85,83,20,4.63,CL,1742168597
473,aljezur,37.3191,-8.8033,14.47,92,92,5.65,PT,1742168657
474,nova sintra,14.8667,-24.7167,21.65,79,1,11.9,CV,1742168658
475,leribe,-28.8718,28.045,13.43,92,99,1.44,LS,1742168659
476,kokpekty,48.75,82.4,-14.27,83,0,1.03,KZ,1742168660
477,mugia,43.1041,-9.2179,6.06,67,0,6.12,ES,1742168421
478,tarawa,1.419,172.984,30.05,79,20,6.69,KI,1742168420
479,arteche,12.2645,125.4048,26.23,89,100,4.8,PH,1742168664
480,puerto maldonado,-12.6,-69.1833,24.22,94,20,1.03,PE,1742168665
481,ruidoso,33.3317,-105.673,14.08,14,0,4.12,US,1742168666
482,kuytun,54.3419,101.5036,-8.19,100,99,1.78,RU,1742168667
483,mikhaylovskoye,51.8239,79.7172,-5.78,87,88,3.47,RU,1742168668
484,acara,-1.9608,-48.1967,23.34,99,100,0.73,BR,1742168670
485,broome,42.2506,-75.833,13.07,95,100,4.63,US,1742168671
486,east end,34.5507,-92.341,15.84,39,6,2.62,US,1742168672
487,aginskoye,51.1,114.53,-12.28,86,68,2.1,RU,1742168673
488,medicine hat,50.0501,-110.6683,-0.44,87,100,3.6,CA,1742168526
489,tangalle,6.024,80.7911,23.49,90,90,1.86,LK,1742168675
490,dalhart,36.0595,-102.5133,18.01,12,0,8.75,US,1742168676
491,sikasso,10.9167,-7.0,31.09,38,96,1.4,ML,1742168678
492,namtsy,62.7161,129.6658,-22.11,100,100,1.66,RU,1742168679
493,ribas do rio pardo,-20.4431,-53.7592,26.8,55,60,1.17,BR,1742168680
494,san pedro pochutla,15.7333,-96.4667,28.84,51,6,2.84,MX,1742168681
495,cockburn town,21.4612,-71.1419,24.82,70,2,6.57,TC,1742168435
496,serhetabat,35.2799,62.3438,9.16,55,2,0.85,TM,1742168683
497,burang,30.25,81.1667,-19.01,99,87,1.62,CN,1742168685
498,mirabad,30.4362,61.8383,15.83,19,3,3.45,AF,1742168686
499,bowen,-20.0167,148.2333,25.35,85,100,5.33,AU,1742168687
500,kotel'nich,58.3089,48.348,-6.23,89,24,2.46,RU,1742168688
501,punta del este,-34.9667,-54.95,21.06,83,20,3.09,UY,1742168689
502,kailua-kona,19.6406,-155.9956,28.09,65,20,4.63,US,1742168435
503,tongchuanshi,35.0806,109.0897,3.04,28,82,2.26,CN,1742168691
504,mogocha,53.7333,119.7667,-11.86,86,99,0.64,RU,1742168693
505,paciran,-6.8767,112.3761,25.47,85,98,1.94,ID,1742168694
506,torremolinos,36.6204,-4.4998,15.77,82,75,1.54,ES,1742168695
507,sao gabriel da cachoeira,-0.1303,-67.0892,24.32,93,88,0.88,BR,1742168696
508,nahan,30.55,77.3,15.35,47,21,2.47,IN,1742168697
509,weno,7.4515,151.8468,28.12,78,97,8.86,FM,1742168456
510,usol'ye,59.4268,56.6808,-5.76,97,99,1.13,RU,1742168701
511,saint-francois,46.4154,3.9054,2.04,100,100,1.54,FR,1742168702
512,daru,-9.0763,143.2092,28.09,81,100,2.26,PG,1742168704
513,mutuali,-14.8706,37.0044,19.62,91,78,1.53,MZ,1742168705
514,tocopilla,-22.092,-70.1979,22.34,76,25,6.04,CL,1742168706
515,tateyama,34.9833,139.8667,11.96,54,20,9.77,JP,1742168707
516,antonio enes,-16.2325,39.9086,24.47,90,85,3.57,MZ,1742168708
517,waynesboro,38.0685,-78.8895,20.32,64,0,6.17,US,1742168710
518,charleston,32.7766,-79.9309,20.1,96,100,7.72,US,1742168511
519,miranda do corvo,40.0932,-8.3326,9.71,91,100,2.87,PT,1742168712
520,shingu,33.7333,135.9833,6.14,58,11,7.87,JP,1742168713
521,basse-terre,16.1667,-61.6667,24.58,73,66,1.03,GP,1742168714
522,douglas,41.3,-96.167,11.73,26,0,4.63,US,1742168669
523,kavarna,43.4333,28.3333,9.01,89,97,3.05,BG,1742168717
524,sofifi,0.7349,127.576,27.6,79,100,2.44,ID,1742168718
525,longido,-2.7333,36.6833,20.22,73,98,2.35,TZ,1742168719
526,illizi,26.4833,8.4667,22.15,21,1,0.67,DZ,1742168720
527,shalqar,47.8333,59.6,5.87,78,97,4.93,KZ,1742168721
528,miramichi,47.0043,-65.4654,11.61,90,100,5.96,CA,1742168732
529,thinadhoo,0.5333,72.9333,28.2,71,6,2.75,MV,1742168733
530,okha,53.5739,142.9478,-12.23,85,70,1.83,RU,1742168735
531,kargasok,59.0556,80.8572,-0.05,96,100,4.37,RU,1742168736
532,zheleznodorozhnyy,55.7503,38.0042,0.61,76,80,2.72,RU,1742168737
533,pontianak,-0.0333,109.3333,23.99,100,20,2.06,ID,1742168447
534,zeribet el oued,34.6828,6.5111,17.82,36,37,2.59,DZ,1742168739
535,shaowu,27.3409,117.4831,8.44,69,87,0.93,CN,1742168742
536,chui,-33.6971,-53.4616,17.84,76,2,3.01,UY,1742168743
537,undurkhaan,47.3194,110.6556,-6.58,61,22,2.09,MN,1742168744
538,kudat,6.8837,116.8477,25.96,94,20,1.03,MY,1742168745
539,kievka,50.2619,71.5514,-3.72,86,62,5.15,KZ,1742168746
540,nantucket,41.2835,-70.0995,9.52,93,100,8.23,US,1742168461
541,tindouf,27.6711,-8.1474,18.25,34,0,6.17,DZ,1742168749
542,mosjoen,65.836,13.1908,-1.71,100,100,1.03,NO,1742168750
543,rio grande,-32.035,-52.0986,21.85,69,28,5.02,BR,1742168751
544,puerto baquerizo moreno,-0.9,-89.6,27.32,73,32,1.44,EC,1742168752
545,salahonda,2.1019,-78.7217,27.41,79,86,3.3,CO,1742168754
546,canton,23.1167,113.25,15.23,41,69,4.85,CN,1742168755
547,iwanai,42.9744,140.5089,0.58,87,100,1.96,JP,1742168756
548,poronaysk,49.2167,143.1167,-8.86,80,52,4.22,RU,1742168758
549,constitucion,-35.3333,-72.4167,14.59,81,5,5.91,CL,1742168622
550,pacific grove,36.6177,-121.9166,18.69,75,75,3.6,US,1742168376
551,ust'-kut,56.7938,105.7672,-12.39,99,83,1.75,RU,1742168762
552,tegina,10.0706,6.1906,29.46,9,98,1.91,NG,1742168763
553,hongjiang,27.11,109.9956,7.98,84,98,1.89,CN,1742168764
554,palmer,42.1584,-72.3287,16.79,93,100,6.85,US,1742168765
555,usogorsk,63.4106,48.6872,-6.04,95,100,3.48,RU,1742168766
556,el nido,11.1858,119.3956,27.3,88,100,2.49,PH,1742168768
557,cutral-co,-38.9469,-69.2089,21.12,14,59,2.13,AR,1742168769
558,raja,8.4596,25.678,26.0,14,10,1.49,SS,1742168770
559,santiago de cao,-7.9589,-79.2392,21.07,88,75,5.14,PE,1742168771
560,newman,37.3138,-121.0208,18.92,60,100,4.02,US,1742168772
561,wotho,10.1657,166.0102,26.99,81,92,10.25,MH,1742168773
562,glennville,31.9366,-81.9285,20.88,77,93,4.31,US,1742168774
563,pasni,25.2631,63.471,22.82,39,28,4.13,PK,1742168776
564,cururupu,-1.8283,-44.8683,23.22,99,62,0.27,BR,1742168777
565,necochea,-38.5473,-58.7368,18.02,80,100,3.71,AR,1742168778
566,kedougou,12.5579,-12.1743,33.17,34,79,1.07,SN,1742168779
567,hawera,-39.5917,174.2833,20.7,75,38,4.57,NZ,1742168780
568,thetford-mines,46.0937,-71.3054,9.64,88,100,3.66,CA,1742168782
569,eirunepe,-6.6603,-69.8736,23.73,99,72,1.0,BR,1742168783
570,gaur,26.7667,85.2667,24.27,31,34,2.65,NP,1742168784
571,sorong,-0.8833,131.25,27.97,83,97,6.66,ID,1742168785
572,henderson,36.0397,-114.9819,24.19,18,0,6.17,US,1742168741
573,peace river,56.2501,-117.286,-5.83,63,100,2.06,CA,1742168788
574,lakatoro,-16.0999,167.4164,29.34,73,55,4.75,VU,1742168789
575,ixtapa,20.7,-105.2,23.57,69,20,5.14,MX,1742168790
576,howrah,22.5892,88.3103,26.0,89,20,2.57,IN,1742168791
577,prince rupert,54.3161,-130.3201,5.05,65,100,6.69,CA,1742168649
578,solnechnyy,50.7214,136.6319,-9.82,88,89,2.01,RU,1742168794
579,namp'o,38.7375,125.4078,0.77,31,41,5.43,KP,1742168795
580,soe,-9.8607,124.284,20.91,92,78,0.41,ID,1742168796
581,jatai,-17.8814,-51.7144,20.14,96,94,2.55,BR,1742168798
582,ugoofaaru,5.6667,73.0,27.7,74,10,1.41,MV,1742168799
583,yaren,-0.5472,166.916,27.12,81,11,7.38,NR,1742168716
584,bandon,51.7469,-8.7425,5.77,73,87,4.05,IE,1742168801
585,zalari,53.5584,102.5065,-5.21,99,100,1.37,RU,1742168802
586,yatou,37.15,122.3833,2.51,34,30,3.04,CN,1742168803
587,zhezqazghan,47.7833,67.7667,-7.06,92,68,1.86,KZ,1742168804
588,brownwood,31.7093,-98.9912,23.0,16,0,5.66,US,1742168806
589,ryki,51.6257,21.9327,1.61,49,100,4.48,PL,1742168807
590,usinsk,65.9939,57.5281,-3.08,96,100,7.93,RU,1742168808
591,las khorey,11.1595,48.1967,25.54,78,29,2.87,SO,1742168809
